host,ip,port,protocol,title,domain,country,city,link,as_organization
5.161.246.9:54321,5.161.246.9,54321,http,login,,US,Ashburn,http://5.161.246.9:54321,Hetzner Online GmbH
https://43.243.87.183:8443,43.243.87.183,8443,https,登录,,US,Los Angeles,https://43.243.87.183:8443,IT7NET
166.88.209.52:12345,166.88.209.52,12345,http,登录,,US,Los Angeles,http://166.88.209.52:12345,Evoxt Enterprise
https://107.182.28.122:8443,107.182.28.122,8443,https,登录,,US,Los Angeles,https://107.182.28.122:8443,IT7NET
https://154.64.236.106:54321,154.64.236.106,54321,https,登录,,US,Los Angeles,https://154.64.236.106:54321,CNSERVERS
146.19.167.183:54321,146.19.167.183,54321,http,登录,,US,Ashburn,http://146.19.167.183:54321,Zhejiang Aiyun Network Technology Co Ltd
13.81.44.169:8001,13.81.44.169,8001,http,登录,,US,Redmond,http://13.81.44.169:8001,MICROSOFT-CORP-MSN-AS-BLOCK
https://74.121.148.108:8443,74.121.148.108,8443,https,登录,,US,New York City,https://74.121.148.108:8443,IT7NET
107.182.191.162:9876,107.182.191.162,9876,http,登录,,US,Los Angeles,http://107.182.191.162:9876,IT7NET
23.95.166.19:2222,23.95.166.19,2222,http,登录,,US,Upland,http://23.95.166.19:2222,AS-COLOCROSSING
209.141.33.10,209.141.33.10,80,http,登录,,US,Las Vegas,http://209.141.33.10,PONYNET
40.77.65.134:8001,40.77.65.134,8001,http,登录,,US,Des Moines,http://40.77.65.134:8001,MICROSOFT-CORP-MSN-AS-BLOCK
208.73.86.35,208.73.86.35,80,http,FAXAGENT,,US,Bremen,http://208.73.86.35,DOVETEL
166.88.209.71:12345,166.88.209.71,12345,http,登录,,US,Los Angeles,http://166.88.209.71:12345,Evoxt Enterprise
38.71.124.19:54321,38.71.124.19,54321,http,登录,,US,Washington,http://38.71.124.19:54321,COGENT-174
154.64.236.179:54321,154.64.236.179,54321,http,登录,,US,Los Angeles,http://154.64.236.179:54321,CNSERVERS
198.23.137.53:2055,198.23.137.53,2055,http,登录,,US,Miami,http://198.23.137.53:2055,AS-COLOCROSSING
144.34.160.230:5555,144.34.160.230,5555,http,欢迎使用X-UI-YG面板,,US,Los Angeles,http://144.34.160.230:5555,IT7NET
20.187.56.236:8001,20.187.56.236,8001,http,登录,,US,Quincy,http://20.187.56.236:8001,MICROSOFT-CORP-MSN-AS-BLOCK
137.175.19.136:8088,137.175.19.136,8088,http,登录,,US,San Jose,http://137.175.19.136:8088,PEGTECHINC
199.19.107.213:54321,199.19.107.213,54321,http,登录,,US,Los Angeles,http://199.19.107.213:54321,FIBER-LOGIC
172.245.11.87:3389,172.245.11.87,3389,http,登录,,US,Buffalo,http://172.245.11.87:3389,AS-COLOCROSSING
https://yiqi.wanjing.work:8443,74.120.175.8,8443,https,登录,wanjing.work,US,Los Angeles,https://yiqi.wanjing.work:8443,IT7NET
154.9.236.23:12341,154.9.236.23,12341,http,登录,,US,Washington,http://154.9.236.23:12341,NETLAB-SDN
64.112.42.240:12345,64.112.42.240,12345,http,登录,,US,Sheridan,http://64.112.42.240:12345,MULTA-ASN1
74.226.149.221:2086,74.226.149.221,2086,http,登录,,US,Atlanta,http://74.226.149.221:2086,MICROSOFT-CORP-MSN-AS-BLOCK
52.182.153.114:8001,52.182.153.114,8001,http,登录,,US,Des Moines,http://52.182.153.114:8001,MICROSOFT-CORP-MSN-AS-BLOCK
https://74.120.175.8:8443,74.120.175.8,8443,https,登录,,US,Los Angeles,https://74.120.175.8:8443,IT7NET
107.175.91.19:12341,107.175.91.19,12341,http,登录,,US,Rancho Cucamonga,http://107.175.91.19:12341,AS-COLOCROSSING
https://agia.tttnt.top:8443,74.211.97.216,8443,https,登录,tttnt.top,US,Los Angeles,https://agia.tttnt.top:8443,FIBER-LOGIC
https://arvincouture.com:8443,98.142.143.144,8443,https,登录,arvincouture.com,US,Los Angeles,https://arvincouture.com:8443,IT7NET
https://www.arvincouture.com:8443,98.142.143.144,8443,https,登录,arvincouture.com,US,Los Angeles,https://www.arvincouture.com:8443,IT7NET
https://74.211.97.216:8443,74.211.97.216,8443,https,登录,,US,Los Angeles,https://74.211.97.216:8443,FIBER-LOGIC
144.202.126.126:54321,144.202.126.126,54321,http,登录,,US,Los Angeles,http://144.202.126.126:54321,AS-CHOOPA
https://98.142.143.144:8443,98.142.143.144,8443,https,登录,,US,Los Angeles,https://98.142.143.144:8443,IT7NET
23.27.143.156:3000,23.27.143.156,3000,http,登录,,US,Santa Clara,http://23.27.143.156:3000,EGIHOSTING
13.66.198.155:8001,13.66.198.155,8001,http,登录,,US,Quincy,http://13.66.198.155:8001,MICROSOFT-CORP-MSN-AS-BLOCK
154.44.13.195:8081,154.44.13.195,8081,http,登录,,US,Washington,http://154.44.13.195:8081,SPRINTLINK
38.102.232.193:2222,38.102.232.193,2222,http,欢迎使用X-UI-YG面板,,US,Los Angeles,http://38.102.232.193:2222,Zhejiang Aiyun Network Technology Co Ltd
142.171.167.185:12345,142.171.167.185,12345,http,登录,,US,Los Angeles,http://142.171.167.185:12345,
40.77.20.211:8001,40.77.20.211,8001,http,登录,,US,Des Moines,http://40.77.20.211:8001,MICROSOFT-CORP-MSN-AS-BLOCK
67.230.162.147:8443,67.230.162.147,8443,http,登录,,US,Los Angeles,http://67.230.162.147:8443,IT7NET
3.19.208.23,3.19.208.23,80,http,login,,US,Columbus,http://3.19.208.23,AMAZON-02
38.71.124.7:54321,38.71.124.7,54321,http,登录,,US,Washington,http://38.71.124.7:54321,COGENT-174
142.171.105.146:8081,142.171.105.146,8081,http,登录,,US,Los Angeles,http://142.171.105.146:8081,
38.71.124.9:54321,38.71.124.9,54321,http,登录,,US,Washington,http://38.71.124.9:54321,COGENT-174
https://66.112.218.46:8443,66.112.218.46,8443,https,登录,,US,Los Angeles,https://66.112.218.46:8443,IT7NET
https://67.230.160.137:8443,67.230.160.137,8443,https,登录,,US,Los Angeles,https://67.230.160.137:8443,IT7NET
18.191.35.123,18.191.35.123,80,http,login,,US,Columbus,http://18.191.35.123,AMAZON-02
172.245.6.173:8554,172.245.6.173,8554,http,登录,,US,Miami,http://172.245.6.173:8554,AS-COLOCROSSING
142.171.71.106:54321,142.171.71.106,54321,http,登录,,US,Los Angeles,http://142.171.71.106:54321,
166.88.209.103:12345,166.88.209.103,12345,http,登录,,US,Los Angeles,http://166.88.209.103:12345,Evoxt Enterprise
50.114.198.152:8085,50.114.198.152,8085,http,登录,,US,Ashburn,http://50.114.198.152:8085,ASN-QUADRANET-GLOBAL
38.209.70.197:54321,38.209.70.197,54321,http,登录,,US,Washington,http://38.209.70.197:54321,COGENT-174
https://64.64.228.93:8443,64.64.228.93,8443,https,登录,,US,Los Angeles,https://64.64.228.93:8443,FIBER-LOGIC
95.164.2.249:2222,95.164.2.249,2222,http,95.164.2.249-欢迎,,US,Congers,http://95.164.2.249:2222,ZAYO-6461
136.0.9.210:5555,136.0.9.210,5555,http,登录,,US,Santa Clara,http://136.0.9.210:5555,1.FM AG
35.209.121.192:54321,35.209.121.192,54321,http,登录,,US,Mountain View,http://35.209.121.192:54321,GOOGLE
3.138.61.180,3.138.61.180,80,http,login,,US,Columbus,http://3.138.61.180,AMAZON-02
172.83.155.168:2222,172.83.155.168,2222,http,登录,,US,Seattle,http://172.83.155.168:2222,Spartan Host Ltd
47.239.217.128:8082,47.239.217.128,8082,http,登录,,US,San Mateo,http://47.239.217.128:8082,"Alibaba US Technology Co., Ltd."
46.233.44.23:54321,46.233.44.23,54321,http,登录,,US,Victoria,http://46.233.44.23:54321,IPRoyal Services FZE LLC
200.229.24.123:2222,200.229.24.123,2222,http,登录,,US,American Fork,http://200.229.24.123:2222,Hivelocity Inc
200.229.24.64:2222,200.229.24.64,2222,http,登录,,US,American Fork,http://200.229.24.64:2222,Hivelocity Inc
200.229.24.91:2222,200.229.24.91,2222,http,登录,,US,American Fork,http://200.229.24.91:2222,Hivelocity Inc
200.229.24.134:2222,200.229.24.134,2222,http,登录,,US,American Fork,http://200.229.24.134:2222,Hivelocity Inc
52.170.84.6:8001,52.170.84.6,8001,http,登录,,US,Washington,http://52.170.84.6:8001,MICROSOFT-CORP-MSN-AS-BLOCK
200.229.24.82:2222,200.229.24.82,2222,http,登录,,US,American Fork,http://200.229.24.82:2222,Hivelocity Inc
18.119.154.15,18.119.154.15,80,http,"	DRYiCE iObserve Demo Login",,US,Columbus,http://18.119.154.15,AMAZON-02
200.229.24.133:2222,200.229.24.133,2222,http,登录,,US,American Fork,http://200.229.24.133:2222,Hivelocity Inc
107.172.35.240:13333,107.172.35.240,13333,http,登录,,US,Buffalo,http://107.172.35.240:13333,AS-COLOCROSSING
209.38.53.74:8090,209.38.53.74,8090,http,登录,,US,New York City,http://209.38.53.74:8090,
toystoryls.com,104.17.232.29,80,http,Just a moment...,toystoryls.com,US,San Francisco,http://toystoryls.com,CLOUDFLARENET
200.229.24.152:2222,200.229.24.152,2222,http,登录,,US,American Fork,http://200.229.24.152:2222,Hivelocity Inc
200.229.24.149:2222,200.229.24.149,2222,http,登录,,US,American Fork,http://200.229.24.149:2222,Hivelocity Inc
https://152.67.227.133:12345,152.67.227.133,12345,https,登录,,US,San Jose,https://152.67.227.133:12345,ORACLE-BMC-31898
148.135.60.75:12000,148.135.60.75,12000,http,登录,,US,Rainbow,http://148.135.60.75:12000,CYBERCON
103.99.115.147:54321,103.99.115.147,54321,http,登录,,US,Los Angeles,http://103.99.115.147:54321,CNSERVERS
38.71.116.8:54321,38.71.116.8,54321,http,登录,,US,Washington,http://38.71.116.8:54321,COGENT-174
https://107.182.23.158:8443,107.182.23.158,8443,https,登录,,US,Los Angeles,https://107.182.23.158:8443,IT7NET
38.71.124.6:54321,38.71.124.6,54321,http,登录,,US,Washington,http://38.71.124.6:54321,COGENT-174
152.67.227.7:12345,152.67.227.7,12345,http,登录,,US,San Jose,http://152.67.227.7:12345,ORACLE-BMC-31898
107.174.88.133:8001,107.174.88.133,8001,http,登录,,US,Rancho Cucamonga,http://107.174.88.133:8001,AS-COLOCROSSING
47.89.229.21:12345,47.89.229.21,12345,http,登录,,US,Los Angeles,http://47.89.229.21:12345,"Alibaba US Technology Co., Ltd."
https://144.168.62.67:8443,144.168.62.67,8443,https,登录,,US,Los Angeles,https://144.168.62.67:8443,IT7NET
https://xjdaya.top:8443,80.251.216.172,8443,https,登录,xjdaya.top,US,Los Angeles,https://xjdaya.top:8443,FIBER-LOGIC
38.71.124.13:54321,38.71.124.13,54321,http,登录,,US,Washington,http://38.71.124.13:54321,COGENT-174
https://80.251.216.172:8443,80.251.216.172,8443,https,登录,,US,Los Angeles,https://80.251.216.172:8443,FIBER-LOGIC
38.60.163.214:51294,38.60.163.214,51294,http,登录,,US,San Francisco,http://38.60.163.214:51294,Kaopu Cloud HK Limited
38.71.124.22:54321,38.71.124.22,54321,http,登录,,US,Washington,http://38.71.124.22:54321,COGENT-174
38.71.124.12:54321,38.71.124.12,54321,http,登录,,US,Washington,http://38.71.124.12:54321,COGENT-174
199.7.142.253:2222,199.7.142.253,2222,http,登录,,US,Beverly Hills,http://199.7.142.253:2222,
47.239.250.174:54321,47.239.250.174,54321,http,登录,,US,San Mateo,http://47.239.250.174:54321,"Alibaba US Technology Co., Ltd."
40.86.7.191:8001,40.86.7.191,8001,http,登录,,US,Des Moines,http://40.86.7.191:8001,MICROSOFT-CORP-MSN-AS-BLOCK
https://104.224.177.65:8443,104.224.177.65,8443,https,登录,,US,Los Angeles,https://104.224.177.65:8443,IT7NET
103.114.163.55:4000,103.114.163.55,4000,http,登录,,US,El Segundo,http://103.114.163.55:4000,DEDIPATH-LLC
89.116.211.189:54321,89.116.211.189,54321,http,登录,,US,Los Angeles,http://89.116.211.189:54321,Magdalena Ewa Kovac
154.44.13.23:8081,154.44.13.23,8081,http,登录,,US,Washington,http://154.44.13.23:8081,SPRINTLINK
154.44.13.16:8081,154.44.13.16,8081,http,登录,,US,Washington,http://154.44.13.16:8081,SPRINTLINK
18.208.217.16,18.208.217.16,80,http,login,,US,Ashburn,http://18.208.217.16,AMAZON-AES
103.99.115.29:54321,103.99.115.29,54321,http,登录,,US,Los Angeles,http://103.99.115.29:54321,CNSERVERS
https://104.36.70.204:8443,104.36.70.204,8443,https,登录,,US,Los Angeles,https://104.36.70.204:8443,IT7NET
47.251.100.177:12345,47.251.100.177,12345,http,登录,,US,Los Angeles,http://47.251.100.177:12345,"Alibaba US Technology Co., Ltd."
154.64.239.57:8081,154.64.239.57,8081,http,登录,,US,Los Angeles,http://154.64.239.57:8081,CNSERVERS
https://www.stihl.de,18.67.76.62,443,https,Unsere STIHL Deutschland Website | STIHL,stihl.de,US,Dulles,https://www.stihl.de,AMAZON-02
3.140.249.201,3.140.249.201,80,http,login,,US,Columbus,http://3.140.249.201,AMAZON-02
23.95.213.250:2086,23.95.213.250,2086,http,登录,,US,Rancho Cucamonga,http://23.95.213.250:2086,AS-COLOCROSSING
https://149.28.13.78:2096,149.28.13.78,2096,https,登录,,US,Kent,https://149.28.13.78:2096,AS-CHOOPA
https://104.233.129.252:8081,104.233.129.252,8081,https,登录,,US,San Jose,https://104.233.129.252:8081,PEGTECHINC
200.229.24.143:2222,200.229.24.143,2222,http,登录,,US,American Fork,http://200.229.24.143:2222,Hivelocity Inc
157.230.190.10:800,157.230.190.10,800,http,登录,,US,North Bergen,http://157.230.190.10:800,DIGITALOCEAN-ASN
188.64.106.198:8848,188.64.106.198,8848,http,登录,,US,New York City,http://188.64.106.198:8848,Datacamp Limited
200.229.24.89:2222,200.229.24.89,2222,http,登录,,US,American Fork,http://200.229.24.89:2222,Hivelocity Inc
200.229.24.42:2222,200.229.24.42,2222,http,登录,,US,American Fork,http://200.229.24.42:2222,Hivelocity Inc
200.229.24.36:2222,200.229.24.36,2222,http,登录,,US,American Fork,http://200.229.24.36:2222,Hivelocity Inc
200.229.24.47:2222,200.229.24.47,2222,http,登录,,US,American Fork,http://200.229.24.47:2222,Hivelocity Inc
3.17.75.251,3.17.75.251,80,http,login,,US,Columbus,http://3.17.75.251,AMAZON-02
140.82.43.52:54321,140.82.43.52,54321,http,登录,,US,Piscataway,http://140.82.43.52:54321,AS-CHOOPA
45.145.72.208:54321,45.145.72.208,54321,http,45.145.72.208-欢迎,,US,Seattle,http://45.145.72.208:54321,Spartan Host Ltd
200.229.24.102:2222,200.229.24.102,2222,http,登录,,US,American Fork,http://200.229.24.102:2222,Hivelocity Inc
200.229.24.146:2222,200.229.24.146,2222,http,登录,,US,American Fork,http://200.229.24.146:2222,Hivelocity Inc
200.229.24.70:2222,200.229.24.70,2222,http,登录,,US,American Fork,http://200.229.24.70:2222,Hivelocity Inc
200.229.24.49:2222,200.229.24.49,2222,http,登录,,US,American Fork,http://200.229.24.49:2222,Hivelocity Inc
200.229.24.66:2222,200.229.24.66,2222,http,登录,,US,American Fork,http://200.229.24.66:2222,Hivelocity Inc
200.229.24.96:2222,200.229.24.96,2222,http,登录,,US,American Fork,http://200.229.24.96:2222,Hivelocity Inc
200.229.24.34:2222,200.229.24.34,2222,http,登录,,US,American Fork,http://200.229.24.34:2222,Hivelocity Inc
89.117.134.234:6565,89.117.134.234,6565,http,登录,,US,Los Angeles,http://89.117.134.234:6565,Dgn Teknoloji A.s.
200.229.24.27:2222,200.229.24.27,2222,http,登录,,US,American Fork,http://200.229.24.27:2222,Hivelocity Inc
200.229.24.4:2222,200.229.24.4,2222,http,登录,,US,American Fork,http://200.229.24.4:2222,Hivelocity Inc
200.229.24.67:2222,200.229.24.67,2222,http,登录,,US,American Fork,http://200.229.24.67:2222,Hivelocity Inc
200.229.24.29:2222,200.229.24.29,2222,http,登录,,US,American Fork,http://200.229.24.29:2222,Hivelocity Inc
47.239.229.12:5005,47.239.229.12,5005,http,登录,,US,San Mateo,http://47.239.229.12:5005,"Alibaba US Technology Co., Ltd."
18.206.74.160,18.206.74.160,80,http,login,,US,Ashburn,http://18.206.74.160,AMAZON-AES
200.229.24.72:2222,200.229.24.72,2222,http,登录,,US,American Fork,http://200.229.24.72:2222,Hivelocity Inc
200.229.24.131:2222,200.229.24.131,2222,http,登录,,US,American Fork,http://200.229.24.131:2222,Hivelocity Inc
200.229.24.83:2222,200.229.24.83,2222,http,登录,,US,American Fork,http://200.229.24.83:2222,Hivelocity Inc
200.229.24.99:2222,200.229.24.99,2222,http,登录,,US,American Fork,http://200.229.24.99:2222,Hivelocity Inc
49.51.250.117:3389,49.51.250.117,3389,http,登录,,US,San Francisco,http://49.51.250.117:3389,"Tencent Building, Kejizhongyi Avenue"
200.229.24.115:2222,200.229.24.115,2222,http,登录,,US,American Fork,http://200.229.24.115:2222,Hivelocity Inc
200.229.24.90:2222,200.229.24.90,2222,http,登录,,US,American Fork,http://200.229.24.90:2222,Hivelocity Inc
200.229.24.104:2222,200.229.24.104,2222,http,登录,,US,American Fork,http://200.229.24.104:2222,Hivelocity Inc
200.229.24.58:2222,200.229.24.58,2222,http,登录,,US,American Fork,http://200.229.24.58:2222,Hivelocity Inc
200.229.24.57:2222,200.229.24.57,2222,http,登录,,US,American Fork,http://200.229.24.57:2222,Hivelocity Inc
200.229.24.50:2222,200.229.24.50,2222,http,登录,,US,American Fork,http://200.229.24.50:2222,Hivelocity Inc
47.239.229.161:5005,47.239.229.161,5005,http,登录,,US,San Mateo,http://47.239.229.161:5005,"Alibaba US Technology Co., Ltd."
200.229.24.119:2222,200.229.24.119,2222,http,登录,,US,American Fork,http://200.229.24.119:2222,Hivelocity Inc
200.229.24.55:2222,200.229.24.55,2222,http,登录,,US,American Fork,http://200.229.24.55:2222,Hivelocity Inc
38.209.64.175:54321,38.209.64.175,54321,http,登录,,US,Washington,http://38.209.64.175:54321,COGENT-174
154.21.205.214:54321,154.21.205.214,54321,http,登录,,US,Washington,http://154.21.205.214:54321,COGENT-174
47.243.8.159:8866,47.243.8.159,8866,http,登录,,US,San Mateo,http://47.243.8.159:8866,"Alibaba US Technology Co., Ltd."
https://5.161.128.18:2222,5.161.128.18,2222,https,5.161.128.18-欢迎,,US,Ashburn,https://5.161.128.18:2222,Hetzner Online GmbH
https://192.18.134.165:3389,192.18.134.165,3389,https,登录,,US,San Jose,https://192.18.134.165:3389,ORACLE-BMC-31898
3.17.151.253,3.17.151.253,80,http,login,,US,Columbus,http://3.17.151.253,AMAZON-02
https://216.173.65.237:54321,216.173.65.237,54321,https,登录,,US,Kensington,https://216.173.65.237:54321,CLOUD-SOUTH
3.144.172.36,3.144.172.36,80,http,login,,US,Columbus,http://3.144.172.36,AMAZON-02
3.139.240.42,3.139.240.42,80,http,login,,US,Columbus,http://3.139.240.42,AMAZON-02
193.9.44.27:54321,193.9.44.27,54321,http,登录,,US,Los Angeles,http://193.9.44.27:54321,CNSERVERS
38.59.243.140:8088,38.59.243.140,8088,http,登录,,US,Santa Clara,http://38.59.243.140:8088,Kirino LLC
23.27.121.87:33333,23.27.121.87,33333,http,登录,,US,Santa Clara,http://23.27.121.87:33333,EGIHOSTING
89.116.211.190:54321,89.116.211.190,54321,http,登录,,US,Los Angeles,http://89.116.211.190:54321,Magdalena Ewa Kovac
38.71.116.6:54321,38.71.116.6,54321,http,登录,,US,Washington,http://38.71.116.6:54321,COGENT-174
https://216.173.65.54:54321,216.173.65.54,54321,https,登录,,US,Kensington,https://216.173.65.54:54321,CLOUD-SOUTH
38.79.116.11:54321,38.79.116.11,54321,http,登录,,US,Washington,http://38.79.116.11:54321,COGENT-174
18.191.163.208,18.191.163.208,80,http,login,,US,Columbus,http://18.191.163.208,AMAZON-02
https://cldus02.351001.xyz:54321,216.173.65.2,54321,https,登录,351001.xyz,US,Kensington,https://cldus02.351001.xyz:54321,CLOUD-SOUTH
https://38.79.116.36:54321,38.79.116.36,54321,https,登录,,US,Washington,https://38.79.116.36:54321,COGENT-174
23.94.43.135:8083,23.94.43.135,8083,http,我的书签 - TwoNav,,US,Rancho Cucamonga,http://23.94.43.135:8083,AS-COLOCROSSING
38.71.116.22:54321,38.71.116.22,54321,http,登录,,US,Washington,http://38.71.116.22:54321,COGENT-174
38.71.116.20:54321,38.71.116.20,54321,http,登录,,US,Washington,http://38.71.116.20:54321,COGENT-174
https://216.173.65.2:54321,216.173.65.2,54321,https,登录,,US,Kensington,https://216.173.65.2:54321,CLOUD-SOUTH
142.171.4.51:54321,142.171.4.51,54321,http,登录,,US,Los Angeles,http://142.171.4.51:54321,
67.198.151.32:54321,67.198.151.32,54321,http,登录,,US,Los Angeles,http://67.198.151.32:54321,VPLSNET
199.7.142.91:2222,199.7.142.91,2222,http,登录,,US,Beverly Hills,http://199.7.142.91:2222,
199.7.142.100:2222,199.7.142.100,2222,http,登录,,US,Beverly Hills,http://199.7.142.100:2222,
199.7.142.16:2222,199.7.142.16,2222,http,登录,,US,Beverly Hills,http://199.7.142.16:2222,
38.79.116.138:54321,38.79.116.138,54321,http,登录,,US,Washington,http://38.79.116.138:54321,COGENT-174
199.7.142.96:2222,199.7.142.96,2222,http,登录,,US,Beverly Hills,http://199.7.142.96:2222,
199.180.118.195:12345,199.180.118.195,12345,http,登录,,US,Los Angeles,http://199.180.118.195:12345,FIBER-LOGIC
199.7.142.95:2222,199.7.142.95,2222,http,登录,,US,Beverly Hills,http://199.7.142.95:2222,
199.7.142.101:2222,199.7.142.101,2222,http,登录,,US,Beverly Hills,http://199.7.142.101:2222,
199.7.142.82:2222,199.7.142.82,2222,http,登录,,US,Beverly Hills,http://199.7.142.82:2222,
199.7.142.38:2222,199.7.142.38,2222,http,登录,,US,Beverly Hills,http://199.7.142.38:2222,
199.7.142.84:2222,199.7.142.84,2222,http,登录,,US,Beverly Hills,http://199.7.142.84:2222,
199.7.142.39:2222,199.7.142.39,2222,http,登录,,US,Beverly Hills,http://199.7.142.39:2222,
38.79.116.88:54321,38.79.116.88,54321,http,登录,,US,Washington,http://38.79.116.88:54321,COGENT-174
199.7.142.21:2222,199.7.142.21,2222,http,登录,,US,Beverly Hills,http://199.7.142.21:2222,
38.79.116.144:54321,38.79.116.144,54321,http,登录,,US,Washington,http://38.79.116.144:54321,COGENT-174
13.71.248.141:8001,13.71.248.141,8001,http,登录,,US,Cheyenne,http://13.71.248.141:8001,MICROSOFT-CORP-MSN-AS-BLOCK
199.7.142.89:2222,199.7.142.89,2222,http,登录,,US,Beverly Hills,http://199.7.142.89:2222,
23.26.66.85:3333,23.26.66.85,3333,http,登录,,US,Dallas,http://23.26.66.85:3333,
20.168.80.99:8001,20.168.80.99,8001,http,登录,,US,Phoenix,http://20.168.80.99:8001,MICROSOFT-CORP-MSN-AS-BLOCK
107.172.51.182:8088,107.172.51.182,8088,http,登录,,US,Lauderhill,http://107.172.51.182:8088,AS-COLOCROSSING
https://193.9.44.127:54321,193.9.44.127,54321,https,登录,,US,Los Angeles,https://193.9.44.127:54321,CNSERVERS
207.246.104.151:8001,207.246.104.151,8001,http,登录,,US,Los Angeles,http://207.246.104.151:8001,AS-CHOOPA
129.80.122.166:8889,129.80.122.166,8889,http,登录,,US,Ashburn,http://129.80.122.166:8889,ORACLE-BMC-31898
38.79.116.113:54321,38.79.116.113,54321,http,登录,,US,Washington,http://38.79.116.113:54321,COGENT-174
https://814usjd.jiuqin.top:54321,45.86.73.152,54321,https,登录,jiuqin.top,US,Delaware,https://814usjd.jiuqin.top:54321,DEDIPATH-LLC
38.79.116.218:54321,38.79.116.218,54321,http,登录,,US,Washington,http://38.79.116.218:54321,COGENT-174
https://148.135.93.248:10101,148.135.93.248,10101,https,登录,,US,Rainbow,https://148.135.93.248:10101,CYBERCON
38.79.116.74:54321,38.79.116.74,54321,http,登录,,US,Washington,http://38.79.116.74:54321,COGENT-174
47.83.26.188:5005,47.83.26.188,5005,http,登录,,US,San Mateo,http://47.83.26.188:5005,
38.79.116.216:54321,38.79.116.216,54321,http,登录,,US,Washington,http://38.79.116.216:54321,COGENT-174
54.82.109.136,54.82.109.136,80,http,login,,US,Ashburn,http://54.82.109.136,AMAZON-AES
38.79.116.133:54321,38.79.116.133,54321,http,登录,,US,Washington,http://38.79.116.133:54321,COGENT-174
https://45.86.73.152:54321,45.86.73.152,54321,https,登录,,US,Delaware,https://45.86.73.152:54321,DEDIPATH-LLC
https://172.233.129.76:4443,172.233.129.76,4443,https,登录,,US,Los Angeles,https://172.233.129.76:4443,Akamai International B.V.
38.79.116.146:54321,38.79.116.146,54321,http,登录,,US,Washington,http://38.79.116.146:54321,COGENT-174
72.18.82.118:54321,72.18.82.118,54321,http,登录,,US,Sheridan,http://72.18.82.118:54321,MULTA-ASN1
https://172.245.107.121:8088,172.245.107.121,8088,https,登录,,US,Rancho Cucamonga,https://172.245.107.121:8088,AS-COLOCROSSING
38.79.116.77:54321,38.79.116.77,54321,http,登录,,US,Washington,http://38.79.116.77:54321,COGENT-174
47.243.9.155:6666,47.243.9.155,6666,http,欢迎使用X-UI-YG面板,,US,San Mateo,http://47.243.9.155:6666,"Alibaba US Technology Co., Ltd."
https://84.32.44.95:54321,84.32.44.95,54321,https,登录,,US,Ashburn,https://84.32.44.95:54321,SPRINTLINK
18.226.82.2,18.226.82.2,80,http,login,,US,Columbus,http://18.226.82.2,AMAZON-02
https://91.199.82.186:2096,91.199.82.186,2096,https,91.199.82.186-欢迎,,US,Manassas,https://91.199.82.186:2096,G-Core Labs S.A.
38.79.116.41:54321,38.79.116.41,54321,http,登录,,US,Washington,http://38.79.116.41:54321,COGENT-174
https://64.69.40.30:55055,64.69.40.30,55055,https,登录,,US,Los Angeles,https://64.69.40.30:55055,MULTA-ASN1
https://84.32.44.204:54321,84.32.44.204,54321,https,登录,,US,Ashburn,https://84.32.44.204:54321,SPRINTLINK
64.69.34.167:12333,64.69.34.167,12333,http,登录,,US,Los Angeles,http://64.69.34.167:12333,MULTA-ASN1
154.17.11.203:12333,154.17.11.203,12333,http,欢迎使用X-UI-YG面板,,US,Los Angeles,http://154.17.11.203:12333,DMIT
38.79.116.212:54321,38.79.116.212,54321,http,登录,,US,Washington,http://38.79.116.212:54321,COGENT-174
38.79.116.76:54321,38.79.116.76,54321,http,登录,,US,Washington,http://38.79.116.76:54321,COGENT-174
107.173.155.154:12333,107.173.155.154,12333,http,登录,,US,Rancho Cucamonga,http://107.173.155.154:12333,AS-COLOCROSSING
52.170.59.220:8001,52.170.59.220,8001,http,登录,,US,Washington,http://52.170.59.220:8001,MICROSOFT-CORP-MSN-AS-BLOCK
38.79.116.100:54321,38.79.116.100,54321,http,登录,,US,Washington,http://38.79.116.100:54321,COGENT-174
38.182.108.194:54321,38.182.108.194,54321,http,登录,,US,Washington,http://38.182.108.194:54321,COGENT-174
23.224.97.124:12333,23.224.97.124,12333,http,登录,,US,Los Angeles,http://23.224.97.124:12333,CNSERVERS
200.229.24.8:2222,200.229.24.8,2222,http,登录,,US,American Fork,http://200.229.24.8:2222,Hivelocity Inc
206.237.11.56:54321,206.237.11.56,54321,http,登录,,US,Washington,http://206.237.11.56:54321,VH Global Limited
98.81.58.72,98.81.58.72,80,http,login,,US,Ashburn,http://98.81.58.72,
156.238.234.93:12333,156.238.234.93,12333,http,登录,,US,New York City,http://156.238.234.93:12333,MULTA-ASN1
34.106.219.226:54321,34.106.219.226,54321,http,登录,,US,Salt Lake City,http://34.106.219.226:54321,GOOGLE-CLOUD-PLATFORM
166.0.188.113:12333,166.0.188.113,12333,http,登录,,US,Los Angeles,http://166.0.188.113:12333,IPXO
38.79.116.250:54321,38.79.116.250,54321,http,登录,,US,Washington,http://38.79.116.250:54321,COGENT-174
154.40.32.224:12333,154.40.32.224,12333,http,登录,,US,Los Angeles,http://154.40.32.224:12333,NETLAB-SDN
166.0.252.163:12333,166.0.252.163,12333,http,登录,,US,Broken Bow,http://166.0.252.163:12333,PINE-NET
https://38.79.116.112:54321,38.79.116.112,54321,https,登录,,US,Washington,https://38.79.116.112:54321,COGENT-174
38.79.116.222:54321,38.79.116.222,54321,http,登录,,US,Washington,http://38.79.116.222:54321,COGENT-174
107.148.43.142:12333,107.148.43.142,12333,http,登录,,US,San Jose,http://107.148.43.142:12333,PEGTECHINC-AP-02
149.28.60.43:3000,149.28.60.43,3000,http,登录,,US,Piscataway,http://149.28.60.43:3000,AS-CHOOPA
47.243.44.179:12333,47.243.44.179,12333,http,登录,,US,San Mateo,http://47.243.44.179:12333,"Alibaba US Technology Co., Ltd."
https://45.150.165.181:12333,45.150.165.181,12333,https,登录,,US,Seattle,https://45.150.165.181:12333,Spartan Host Ltd
38.79.116.72:54321,38.79.116.72,54321,http,登录,,US,Washington,http://38.79.116.72:54321,COGENT-174
64.23.239.39:2020,64.23.239.39,2020,http,登录,,US,New York City,http://64.23.239.39:2020,
154.44.6.135:8088,154.44.6.135,8088,http,登录,,US,Washington,http://154.44.6.135:8088,SPRINTLINK
https://84.32.44.136:54321,84.32.44.136,54321,https,登录,,US,Ashburn,https://84.32.44.136:54321,SPRINTLINK
84.32.44.128:54321,84.32.44.128,54321,http,登录,,US,Ashburn,http://84.32.44.128:54321,SPRINTLINK
38.79.116.209:54321,38.79.116.209,54321,http,登录,,US,Washington,http://38.79.116.209:54321,COGENT-174
38.79.117.22:54321,38.79.117.22,54321,http,登录,,US,Washington,http://38.79.117.22:54321,COGENT-174
4.227.20.201:8001,4.227.20.201,8001,http,登录,,US,Phoenix,http://4.227.20.201:8001,MICROSOFT-CORP-MSN-AS-BLOCK
38.79.116.179:54321,38.79.116.179,54321,http,登录,,US,Washington,http://38.79.116.179:54321,COGENT-174
38.79.116.201:54321,38.79.116.201,54321,http,登录,,US,Washington,http://38.79.116.201:54321,COGENT-174
47.243.181.48:1314,47.243.181.48,1314,http,登录,,US,San Mateo,http://47.243.181.48:1314,"Alibaba US Technology Co., Ltd."
38.79.116.81:54321,38.79.116.81,54321,http,登录,,US,Washington,http://38.79.116.81:54321,COGENT-174
140.245.50.136:8989,140.245.50.136,8989,http,登录,,US,Belmont,http://140.245.50.136:8989,
38.71.113.127:1234,38.71.113.127,1234,http,登录,,US,Washington,http://38.71.113.127:1234,COGENT-174
107.148.66.87:8099,107.148.66.87,8099,http,登录,,US,San Jose,http://107.148.66.87:8099,PEGTECHINC
https://68.183.147.110:2096,68.183.147.110,2096,https,登录,,US,Clifton,https://68.183.147.110:2096,DIGITALOCEAN-ASN
38.79.116.96:54321,38.79.116.96,54321,http,登录,,US,Washington,http://38.79.116.96:54321,COGENT-174
https://45.89.104.196:3443,45.89.104.196,3443,https,登录,,US,Delaware,https://45.89.104.196:3443,DEDIPATH-LLC
108.61.195.39:7788,108.61.195.39,7788,http,欢迎使用X-UI-YG面板,,US,Kent,http://108.61.195.39:7788,AS-CHOOPA
38.79.116.87:54321,38.79.116.87,54321,http,登录,,US,Washington,http://38.79.116.87:54321,COGENT-174
148.135.99.181:54321,148.135.99.181,54321,http,登录,,US,Rainbow,http://148.135.99.181:54321,CYBERCON
https://84.32.44.123:54321,84.32.44.123,54321,https,登录,,US,Ashburn,https://84.32.44.123:54321,SPRINTLINK
108.61.220.53:54322,108.61.220.53,54322,http,欢迎使用X-UI-YG面板,,US,Los Angeles,http://108.61.220.53:54322,AS-CHOOPA
38.59.245.35:8088,38.59.245.35,8088,http,登录,,US,Santa Clara,http://38.59.245.35:8088,Kirino LLC
109.107.140.210:4321,109.107.140.210,4321,http,登录,,US,New Almaden,http://109.107.140.210:4321,
38.79.116.241:54321,38.79.116.241,54321,http,登录,,US,Washington,http://38.79.116.241:54321,COGENT-174
94.156.250.220,94.156.250.220,80,http,登录,,US,Atlanta,http://94.156.250.220,
84.32.44.93:54321,84.32.44.93,54321,http,登录,,US,Ashburn,http://84.32.44.93:54321,SPRINTLINK
156.244.3.119:4443,156.244.3.119,4443,http,156.244.3.119-欢迎,,US,Los Angeles,http://156.244.3.119:4443,IHGGROUP-001
171.22.78.219:3011,171.22.78.219,3011,http,登录,,US,San Francisco,http://171.22.78.219:3011,MAJESTIC-HOSTING-01
47.239.12.54:54321,47.239.12.54,54321,http,登录,,US,San Mateo,http://47.239.12.54:54321,"Alibaba US Technology Co., Ltd."
45.89.104.233:3443,45.89.104.233,3443,http,登录,,US,Delaware,http://45.89.104.233:3443,DEDIPATH-LLC
https://148.135.99.235:54321,148.135.99.235,54321,https,登录,,US,Rainbow,https://148.135.99.235:54321,CYBERCON
84.32.44.247:54321,84.32.44.247,54321,http,登录,,US,Ashburn,http://84.32.44.247:54321,SPRINTLINK
https://172.245.57.121:4443,172.245.57.121,4443,https,甬哥侃侃侃YouTube教程摘要,,US,Upland,https://172.245.57.121:4443,AS-COLOCROSSING
38.60.91.25:8801,38.60.91.25,8801,http,登录,,US,Los Angeles,http://38.60.91.25:8801,FD-298-8796
38.60.91.24:8801,38.60.91.24,8801,http,登录,,US,Los Angeles,http://38.60.91.24:8801,FD-298-8796
https://45.89.104.168:3443,45.89.104.168,3443,https,登录,,US,Delaware,https://45.89.104.168:3443,DEDIPATH-LLC
https://m017.rmin2.com:3443,45.89.104.198,3443,https,登录,rmin2.com,US,Delaware,https://m017.rmin2.com:3443,DEDIPATH-LLC
47.239.12.4:54321,47.239.12.4,54321,http,登录,,US,San Mateo,http://47.239.12.4:54321,"Alibaba US Technology Co., Ltd."
https://45.89.104.243:3443,45.89.104.243,3443,https,登录,,US,Delaware,https://45.89.104.243:3443,DEDIPATH-LLC
154.17.30.121:54321,154.17.30.121,54321,http,登录,,US,Los Angeles,http://154.17.30.121:54321,DMIT
https://45.89.104.198:3443,45.89.104.198,3443,https,登录,,US,Delaware,https://45.89.104.198:3443,DEDIPATH-LLC
47.237.6.100:880,47.237.6.100,880,http,登录,,US,San Mateo,http://47.237.6.100:880,"Alibaba US Technology Co., Ltd."
107.148.82.67:54321,107.148.82.67,54321,http,登录,,US,San Jose,http://107.148.82.67:54321,PEGTECHINC-AP-02
192.9.129.48:1026,192.9.129.48,1026,http,欢迎使用X-UI-YG面板,,US,San Jose,http://192.9.129.48:1026,ORACLE-BMC-31898
216.24.184.159:5555,216.24.184.159,5555,http,登录,,US,Los Angeles,http://216.24.184.159:5555,FIBER-LOGIC
206.189.214.192:666,206.189.214.192,666,http,登录,,US,Santa Clara,http://206.189.214.192:666,DIGITALOCEAN-ASN
https://84.32.44.120:54321,84.32.44.120,54321,https,登录,,US,Ashburn,https://84.32.44.120:54321,SPRINTLINK
47.239.11.215:54321,47.239.11.215,54321,http,登录,,US,San Mateo,http://47.239.11.215:54321,"Alibaba US Technology Co., Ltd."
47.243.161.133:60443,47.243.161.133,60443,http,登录,,US,San Mateo,http://47.243.161.133:60443,"Alibaba US Technology Co., Ltd."
https://hk.wsmdbzd.top:12345,154.9.247.201,12345,https,登录,wsmdbzd.top,US,Herndon,https://hk.wsmdbzd.top:12345,COGENT-174
165.227.195.120:2222,165.227.195.120,2222,http,登录,,US,North Bergen,http://165.227.195.120:2222,DIGITALOCEAN-ASN
52.149.3.191:8001,52.149.3.191,8001,http,登录,,US,Quincy,http://52.149.3.191:8001,MICROSOFT-CORP-MSN-AS-BLOCK
172.172.11.233:8001,172.172.11.233,8001,http,登录,,US,Boydton,http://172.172.11.233:8001,MICROSOFT-CORP-MSN-AS-BLOCK
207.60.50.14:1314,207.60.50.14,1314,http,登录,,US,Washington,http://207.60.50.14:1314,FD-298-8796
https://fansdreams.mindblowingclub.com:54321,154.17.30.74,54321,https,登录,mindblowingclub.com,US,Los Angeles,https://fansdreams.mindblowingclub.com:54321,DMIT
205.234.252.132:8081,205.234.252.132,8081,http,登录,,US,Chicago,http://205.234.252.132:8081,SERVERCENTRAL
https://154.9.247.201:12345,154.9.247.201,12345,https,登录,,US,Herndon,https://154.9.247.201:12345,COGENT-174
3.145.11.3,3.145.11.3,80,http,login,,US,Columbus,http://3.145.11.3,AMAZON-02
45.89.104.199:3443,45.89.104.199,3443,http,登录,,US,Delaware,http://45.89.104.199:3443,DEDIPATH-LLC
https://154.17.30.74:54321,154.17.30.74,54321,https,登录,,US,Los Angeles,https://154.17.30.74:54321,DMIT
85.133.241.13:2095,85.133.241.13,2095,http,85.133.241.13-欢迎,,US,New York City,http://85.133.241.13:2095,
18.221.242.251,18.221.242.251,80,http,login,,US,Columbus,http://18.221.242.251,AMAZON-02
https://45.89.104.172:3443,45.89.104.172,3443,https,登录,,US,Delaware,https://45.89.104.172:3443,DEDIPATH-LLC
142.171.12.77:54321,142.171.12.77,54321,http,登录,,US,Los Angeles,http://142.171.12.77:54321,
https://84.32.44.59:54321,84.32.44.59,54321,https,登录,,US,Ashburn,https://84.32.44.59:54321,SPRINTLINK
142.214.153.245:2222,142.214.153.245,2222,http,登录,,US,Redmond,http://142.214.153.245:2222,
47.239.12.85:54321,47.239.12.85,54321,http,登录,,US,San Mateo,http://47.239.12.85:54321,"Alibaba US Technology Co., Ltd."
207.246.100.124:3333,207.246.100.124,3333,http,登录,,US,Los Angeles,http://207.246.100.124:3333,AS-CHOOPA
47.239.11.143:54321,47.239.11.143,54321,http,登录,,US,San Mateo,http://47.239.11.143:54321,"Alibaba US Technology Co., Ltd."
164.92.118.18:2222,164.92.118.18,2222,http,登录,,US,Santa Clara,http://164.92.118.18:2222,DIGITALOCEAN-ASN
3.149.28.176,3.149.28.176,80,http,login,,US,Columbus,http://3.149.28.176,AMAZON-02
23.225.71.90:54321,23.225.71.90,54321,http,登录,,US,Los Angeles,http://23.225.71.90:54321,CNSERVERS
https://us4.tonytan.top:54321,129.146.237.204,54321,https,登录,tonytan.top,US,Phoenix,https://us4.tonytan.top:54321,ORACLE-BMC-31898
154.21.199.6:8181,154.21.199.6,8181,http,登录,,US,Washington,http://154.21.199.6:8181,COGENT-174
43.135.169.112:54321,43.135.169.112,54321,http,登录,,US,Santa Clara,http://43.135.169.112:54321,"Tencent Building, Kejizhongyi Avenue"
143.198.70.243:800,143.198.70.243,800,http,登录,,US,Santa Clara,http://143.198.70.243:800,DIGITALOCEAN-ASN
https://23.26.67.4:3443,23.26.67.4,3443,https,登录,,US,Dallas,https://23.26.67.4:3443,Zappie Host LLC
https://129.146.237.204:54321,129.146.237.204,54321,https,登录,,US,Phoenix,https://129.146.237.204:54321,ORACLE-BMC-31898
prakashtechnoplast.com,192.124.249.140,80,http,,prakashtechnoplast.com,US,Menifee,http://prakashtechnoplast.com,SUCURI-SEC
172.173.137.115:8001,172.173.137.115,8001,http,登录,,US,Washington,http://172.173.137.115:8001,MICROSOFT-CORP-MSN-AS-BLOCK
149.28.80.100:2222,149.28.80.100,2222,http,登录,,US,Los Angeles,http://149.28.80.100:2222,AS-CHOOPA
5.34.178.56:54321,5.34.178.56,54321,http,登录,,US,Miami,http://5.34.178.56:54321,Green Floid LLC
45.89.104.203:3443,45.89.104.203,3443,http,登录,,US,Delaware,http://45.89.104.203:3443,DEDIPATH-LLC
99.85.48.171:2222,99.85.48.171,2222,http,登录,,US,Richardson,http://99.85.48.171:2222,ATT-INTERNET4
https://agrw.ustiktok.xyz:3443,45.89.104.191,3443,https,登录,ustiktok.xyz,US,Delaware,https://agrw.ustiktok.xyz:3443,DEDIPATH-LLC
23.27.202.245:54321,23.27.202.245,54321,http,登录,,US,Santa Clara,http://23.27.202.245:54321,EGIHOSTING
40.69.159.51:8001,40.69.159.51,8001,http,登录,,US,Des Moines,http://40.69.159.51:8001,MICROSOFT-CORP-MSN-AS-BLOCK
34.212.82.95,34.212.82.95,80,http,login,,US,Portland,http://34.212.82.95,AMAZON-02
https://103.99.115.194:54321,103.99.115.194,54321,https,登录,,US,Los Angeles,https://103.99.115.194:54321,CNSERVERS
107.148.82.107:54321,107.148.82.107,54321,http,登录,,US,San Jose,http://107.148.82.107:54321,PEGTECHINC-AP-02
https://45.89.104.191:3443,45.89.104.191,3443,https,登录,,US,Delaware,https://45.89.104.191:3443,DEDIPATH-LLC
18.116.69.90,18.116.69.90,80,http,login,,US,Columbus,http://18.116.69.90,AMAZON-02
13.58.130.27,13.58.130.27,80,http,login,,US,Columbus,http://13.58.130.27,AMAZON-02
49.51.244.8:5678,49.51.244.8,5678,http,登录,,US,San Francisco,http://49.51.244.8:5678,"Tencent Building, Kejizhongyi Avenue"
https://us0909.dwkjonline.top:54321,38.95.126.69,54321,https,登录,dwkjonline.top,US,Washington,https://us0909.dwkjonline.top:54321,COGENT-174
64.64.235.92:54321,64.64.235.92,54321,http,登录,,US,Los Angeles,http://64.64.235.92:54321,FIBER-LOGIC
45.139.193.26:8088,45.139.193.26,8088,http,登录,,US,San Jose,http://45.139.193.26:8088,XTOM
38.60.91.99:8801,38.60.91.99,8801,http,登录,,US,Los Angeles,http://38.60.91.99:8801,FD-298-8796
38.60.91.30:8801,38.60.91.30,8801,http,登录,,US,Los Angeles,http://38.60.91.30:8801,FD-298-8796
https://38.95.126.69:54321,38.95.126.69,54321,https,登录,,US,Washington,https://38.95.126.69:54321,COGENT-174
45.139.193.75:8088,45.139.193.75,8088,http,登录,,US,San Jose,http://45.139.193.75:8088,XTOM
38.60.91.109:8801,38.60.91.109,8801,http,登录,,US,Los Angeles,http://38.60.91.109:8801,FD-298-8796
23.26.66.120:3333,23.26.66.120,3333,http,登录,,US,Dallas,http://23.26.66.120:3333,
52.173.19.166:8001,52.173.19.166,8001,http,登录,,US,Des Moines,http://52.173.19.166:8001,MICROSOFT-CORP-MSN-AS-BLOCK
https://tk823.jikezouhong.com:54321,156.225.64.205,54321,https,登录,jikezouhong.com,US,San Gabriel,https://tk823.jikezouhong.com:54321,Evoxt Enterprise
https://rn.wuewei.top:54321,172.245.253.42,54321,https,登录,wuewei.top,US,Chicago,https://rn.wuewei.top:54321,AS-COLOCROSSING
154.21.192.5:8081,154.21.192.5,8081,http,登录,,US,Washington,http://154.21.192.5:8081,COGENT-174
38.60.91.112:8801,38.60.91.112,8801,http,登录,,US,Los Angeles,http://38.60.91.112:8801,FD-298-8796
https://156.225.64.205:54321,156.225.64.205,54321,https,登录,,US,San Gabriel,https://156.225.64.205:54321,Evoxt Enterprise
103.114.163.186:801,103.114.163.186,801,http,登录,,US,El Segundo,http://103.114.163.186:801,DEDIPATH-LLC
142.171.3.165:12345,142.171.3.165,12345,http,登录,,US,Los Angeles,http://142.171.3.165:12345,
52.170.74.132:8001,52.170.74.132,8001,http,登录,,US,Washington,http://52.170.74.132:8001,MICROSOFT-CORP-MSN-AS-BLOCK
38.60.91.115:8801,38.60.91.115,8801,http,登录,,US,Los Angeles,http://38.60.91.115:8801,FD-298-8796
156.225.64.72:54321,156.225.64.72,54321,http,登录,,US,San Gabriel,http://156.225.64.72:54321,Evoxt Enterprise
47.239.231.231:5005,47.239.231.231,5005,http,登录,,US,San Mateo,http://47.239.231.231:5005,"Alibaba US Technology Co., Ltd."
38.60.91.110:8801,38.60.91.110,8801,http,登录,,US,Los Angeles,http://38.60.91.110:8801,FD-298-8796
154.17.29.124:2096,154.17.29.124,2096,http,登录,,US,Los Angeles,http://154.17.29.124:2096,DMIT
38.95.126.15:54321,38.95.126.15,54321,http,登录,,US,Washington,http://38.95.126.15:54321,COGENT-174
154.21.192.35:8081,154.21.192.35,8081,http,登录,,US,Washington,http://154.21.192.35:8081,COGENT-174
184.72.118.34,184.72.118.34,80,http,login,,US,Ashburn,http://184.72.118.34,AMAZON-AES
18.119.12.118,18.119.12.118,80,http,login,,US,Columbus,http://18.119.12.118,AMAZON-02
107.174.34.26:54321,107.174.34.26,54321,http,登录,,US,Buffalo,http://107.174.34.26:54321,AS-COLOCROSSING
38.147.165.144:2222,38.147.165.144,2222,http,登录,,US,Sheridan,http://38.147.165.144:2222,CNSERVERS
43.159.143.157:54321,43.159.143.157,54321,http,登录,,US,Santa Clara,http://43.159.143.157:54321,"Tencent Building, Kejizhongyi Avenue"
45.12.82.140:2222,45.12.82.140,2222,http,登录,,US,Long Island City,http://45.12.82.140:2222,Zhejiang Aiyun Network Technology Co Ltd
https://172.245.253.42:54321,172.245.253.42,54321,https,登录,,US,Chicago,https://172.245.253.42:54321,AS-COLOCROSSING
3.144.103.58,3.144.103.58,80,http,login,,US,Columbus,http://3.144.103.58,AMAZON-02
23.26.66.180:3333,23.26.66.180,3333,http,登录,,US,Dallas,http://23.26.66.180:3333,
156.225.64.133:54321,156.225.64.133,54321,http,登录,,US,San Gabriel,http://156.225.64.133:54321,Evoxt Enterprise
https://156.225.64.95:54321,156.225.64.95,54321,https,登录,,US,San Gabriel,https://156.225.64.95:54321,Evoxt Enterprise
147.189.161.14:8181,147.189.161.14,8181,http,登录,,US,San Gabriel,http://147.189.161.14:8181,Evoxt Enterprise
47.243.91.39:8090,47.243.91.39,8090,http,登录,,US,San Mateo,http://47.243.91.39:8090,"Alibaba US Technology Co., Ltd."
199.195.253.58:9203,199.195.253.58,9203,http,登录,,US,Staten Island,http://199.195.253.58:9203,PONYNET
https://64.64.235.30:54321,64.64.235.30,54321,https,登录,,US,Los Angeles,https://64.64.235.30:54321,FIBER-LOGIC
154.64.232.169:54321,154.64.232.169,54321,http,登录,,US,Los Angeles,http://154.64.232.169:54321,CNSERVERS
156.225.64.128:54321,156.225.64.128,54321,http,登录,,US,San Gabriel,http://156.225.64.128:54321,Evoxt Enterprise
107.148.42.98:54321,107.148.42.98,54321,http,登录,,US,San Jose,http://107.148.42.98:54321,PEGTECHINC-AP-02
154.64.232.182:54321,154.64.232.182,54321,http,登录,,US,Los Angeles,http://154.64.232.182:54321,CNSERVERS
https://157.254.32.5:54321,157.254.32.5,54321,https,登录,,US,Dallas,https://157.254.32.5:54321,IPXO
199.19.107.37:54321,199.19.107.37,54321,http,登录,,US,Los Angeles,http://199.19.107.37:54321,FIBER-LOGIC
https://64.64.234.249:54321,64.64.234.249,54321,https,登录,,US,Los Angeles,https://64.64.234.249:54321,FIBER-LOGIC
104.168.147.17:5000,104.168.147.17,5000,http,登录,,US,Seattle,http://104.168.147.17:5000,HOSTWINDS
38.76.145.19:10086,38.76.145.19,10086,http,登录,,US,Washington,http://38.76.145.19:10086,COGENT-174
3.94.179.51,3.94.179.51,80,http,login,,US,Ashburn,http://3.94.179.51,AMAZON-AES
167.88.173.101:54321,167.88.173.101,54321,http,登录,,US,Cheyenne,http://167.88.173.101:54321,QUICKPACKET
107.148.42.118:54321,107.148.42.118,54321,http,登录,,US,San Jose,http://107.148.42.118:54321,PEGTECHINC-AP-02
38.95.115.159:54321,38.95.115.159,54321,http,登录,,US,Washington,http://38.95.115.159:54321,COGENT-174
45.83.129.231:8083,45.83.129.231,8083,http,45.83.129.231-欢迎,,US,Delaware,http://45.83.129.231:8083,DEDIPATH-LLC
156.225.64.164:54321,156.225.64.164,54321,http,登录,,US,San Gabriel,http://156.225.64.164:54321,Evoxt Enterprise
199.19.107.70:54321,199.19.107.70,54321,http,登录,,US,Los Angeles,http://199.19.107.70:54321,FIBER-LOGIC
https://154.64.240.94:5000,154.64.240.94,5000,https,登录,,US,Los Angeles,https://154.64.240.94:5000,CNSERVERS
3.137.220.65,3.137.220.65,80,http,login,,US,Columbus,http://3.137.220.65,AMAZON-02
43.135.157.12:12308,43.135.157.12,12308,http,登录,,US,Santa Clara,http://43.135.157.12:12308,"Tencent Building, Kejizhongyi Avenue"
104.194.81.199,104.194.81.199,80,http,登录,,US,Los Angeles,http://104.194.81.199,IT7NET
64.64.235.20:54321,64.64.235.20,54321,http,登录,,US,Los Angeles,http://64.64.235.20:54321,FIBER-LOGIC
165.1.67.150:8181,165.1.67.150,8181,http,登录,,US,San Jose,http://165.1.67.150:8181,ORACLE-BMC-31898
3.143.170.195,3.143.170.195,80,http,login,,US,Columbus,http://3.143.170.195,AMAZON-02
